,recipe_links
0,https://cafedelites.com/beef-tenderloin/
1,https://cafedelites.com/honey-garlic-butter-roasted-carrots/
2,https://cafedelites.com/roast-turkey/
3,https://cafedelites.com/easy-creamy-mashed-potatoes/
4,https://cafedelites.com/garlic-herb-butter-roast-chicken/
5,https://cafedelites.com/easy-buttermilk-cornbread/
6,https://cafedelites.com/green-bean-casserole/
7,https://cafedelites.com/artisan-bread-recipe/
8,https://cafedelites.com/garlic-butter-smashed-sweet-potatoes-with-parmesan/
9,https://cafedelites.com/sausage-herb-stuffing-recipe/
10,https://cafedelites.com/crispy-garlic-roasted-potatoes/
11,https://cafedelites.com/chocolate-pecan-pie/
12,https://cafedelites.com/coconut-shrimp-curry/
13,https://cafedelites.com/buttery-garlic-naan-recipe/
14,https://cafedelites.com/grilling-steak/
15,https://cafedelites.com/garlic-mushroom-chicken-bites/
16,https://cafedelites.com/smothered-pork-chops/
17,https://cafedelites.com/5-minute-sugar-snap-peas/
18,https://cafedelites.com/authentic-chimichurri-uruguay-argentina/
19,https://cafedelites.com/grilled-lobster-tails/
20,https://cafedelites.com/macaroni-salad/
21,https://cafedelites.com/mini-pancakes-cereal/
22,https://cafedelites.com/best-hummus-recipe/
23,https://cafedelites.com/avocado-hummus/
24,https://cafedelites.com/perfect-egg-salad/
25,https://cafedelites.com/asparagus-stuffed-chicken-breasts/
26,https://cafedelites.com/cream-of-asparagus-soup/
27,https://cafedelites.com/chickpea-tomato-salad/
28,https://cafedelites.com/slow-cooker-honey-garlic-chicken/
29,https://cafedelites.com/drunken-chocolate-covered-strawberries/
30,https://cafedelites.com/easy-to-make-crepes/
31,https://cafedelites.com/blueberry-pancakes/
32,https://cafedelites.com/orange-creamsicle-mimosas/
33,https://cafedelites.com/creamy-french-mustard-chicken/
34,https://cafedelites.com/sauteed-green-bean-recipe/
35,https://cafedelites.com/salsa-recipe/
36,https://cafedelites.com/frozen-margarita-slushy/
37,https://cafedelites.com/best-churros-recipe/
38,https://cafedelites.com/avocado-salsa/
39,https://cafedelites.com/fried-tortilla-chips/
40,https://cafedelites.com/flour-tortillas/
41,https://cafedelites.com/ground-beef-stir-fry/
42,https://cafedelites.com/creamy-tuscan-gnocchi-recipe/
43,https://cafedelites.com/double-chocolate-banana-bread/
44,https://cafedelites.com/crispy-boneless-chicken-thighs/
45,https://cafedelites.com/double-chocolate-chunk-muffins/
46,https://cafedelites.com/easy-garlic-flatbread-recipe/
47,https://cafedelites.com/easy-broccoli-cheese-soup/
48,https://cafedelites.com/honey-soy-baked-chicken-thighs/
49,https://cafedelites.com/bbq-baked-pork-chops/
50,https://cafedelites.com/homemade-basil-pesto-recipe/
51,https://cafedelites.com/one-pot-creamy-mushroom-chicken-pasta/
52,https://cafedelites.com/hot-cross-buns/
53,https://cafedelites.com/best-french-toast/
54,https://cafedelites.com/best-fluffy-pancakes/
55,https://cafedelites.com/dalgona-whipped-coffee/
56,https://cafedelites.com/carrot-cake/
57,https://cafedelites.com/chocolate-cake/
58,https://cafedelites.com/garlic-parmesan-crumbed-fish/
59,https://cafedelites.com/classic-deviled-eggs/
60,https://cafedelites.com/easy-soft-dinner-rolls/
61,https://cafedelites.com/quick-soft-cinnamon-rolls/
62,https://cafedelites.com/cheesy-garlic-roasted-asparagus/
63,https://cafedelites.com/lemon-garlic-roast-chicken/
64,https://cafedelites.com/baked-chicken-breasts/
65,https://cafedelites.com/10-minute-white-bean-parmesan-spinach-soup/
66,https://cafedelites.com/crispy-chicken-parmesan/
67,https://cafedelites.com/slow-cooker-chicken-bacon-corn-chowder-recipe/
68,https://cafedelites.com/creamy-garlic-parmesan-broccoli-bacon/
69,https://cafedelites.com/garlic-butter-shrimp-boil/
70,https://cafedelites.com/red-beans-and-rice/
71,https://cafedelites.com/jambalaya/
72,https://cafedelites.com/french-onion-soup/
73,https://cafedelites.com/steamed-mussels/
74,https://cafedelites.com/baked-meatballs/
75,https://cafedelites.com/creamy-lemon-parmesan-chicken-piccatta/
76,https://cafedelites.com/chocolate-covered-strawberries/
77,https://cafedelites.com/drunken-strawberries/
78,https://cafedelites.com/3-ingredient-double-chocolate-mousse-low-carb/
79,https://cafedelites.com/chicken-stroganoff/
80,https://cafedelites.com/best-red-velvet-cake/
81,https://cafedelites.com/chocolate-marshmallow-molten-lava-cakes/
82,https://cafedelites.com/lobster-bisque/
83,https://cafedelites.com/slow-cooker-creamy-tortellini-soup/
84,https://cafedelites.com/chicken-cacciatore/
85,https://cafedelites.com/cheesy-bacon-and-egg-hash/
86,https://cafedelites.com/pork-roast/
87,https://cafedelites.com/easy-slow-cooker-lasagna-soup-recipe/
88,https://cafedelites.com/queso/
89,https://cafedelites.com/crispy-buffalo-chicken-wings-baked/
90,https://cafedelites.com/chili-lime-texas-caviar/
91,https://cafedelites.com/crispy-chicken-tenders/
92,https://cafedelites.com/best-fudgy-cocoa-brownies/
93,https://cafedelites.com/slow-cooker-chili/
94,https://cafedelites.com/crispy-sweet-potato-wedges-with-garlic-avocado-aioli/
95,https://cafedelites.com/sausage-rolls/
96,https://cafedelites.com/oven-barbecue-ribs/
97,https://cafedelites.com/easy-cheesy-garlic-bread/
98,https://cafedelites.com/mongolian-glazed-meatballs/
99,https://cafedelites.com/buffalo-chicken-dip/
100,https://cafedelites.com/crispy-garlic-baked-potato-wedges-recipe/
101,https://cafedelites.com/crispy-baked-shrimp-scampi/
102,https://cafedelites.com/guacamole/
103,https://cafedelites.com/scalloped-portobello-mushrooms/
104,https://cafedelites.com/caprese-stuffed-garlic-butter-portobellos/
105,https://cafedelites.com/bacon-wrapped-shrimp/
106,https://cafedelites.com/salmon-and-spinach-parcels/
107,https://cafedelites.com/vegetable-soup/
108,https://cafedelites.com/meatloaf/
109,https://cafedelites.com/slow-cooked-balsamic-pot-roast/
110,https://cafedelites.com/low-carb-chicken-parmesan-keto/
111,https://cafedelites.com/healthy-2-ingredient-breakfast-cookies/
112,https://cafedelites.com/pork-loin-recipe/
113,https://cafedelites.com/fried-cabbage/
114,https://cafedelites.com/parmesan-crusted-chicken/
115,https://cafedelites.com/roasted-cauliflower/
116,https://cafedelites.com/beef-cabbage-soup/
117,https://cafedelites.com/skillet-spinach-bacon-artichoke-dip/
118,https://cafedelites.com/pink-vodka-lemonade/
119,https://cafedelites.com/crab-stuffed-mushrooms/
120,https://cafedelites.com/coconut-shrimp/
121,https://cafedelites.com/baked-brie-bites/
122,https://cafedelites.com/loaded-thanksgiving-cheeseboard/
123,https://cafedelites.com/belgian-waffles-recipe/
124,https://cafedelites.com/creamy-eggnog-recipe/
125,https://cafedelites.com/croissant-french-toast/
126,https://cafedelites.com/breakfast-casserole/
127,https://cafedelites.com/baked-salmon-with-lemon-butter-cream-sauce/
128,https://cafedelites.com/garlic-butter-prime-rib/
129,https://cafedelites.com/roasted-mushrooms/
130,https://cafedelites.com/holiday-punch/
131,https://cafedelites.com/snickerdoodle-cookie-recipe/
132,https://cafedelites.com/chocolate-chip-christmas-cookies/
133,https://cafedelites.com/snowball-cookies/
134,https://cafedelites.com/peanut-butter-blossoms/
135,https://cafedelites.com/fudgy-chocolate-crinkle-cookies/
136,https://cafedelites.com/star-christmas-bread/
137,https://cafedelites.com/churro-nutella-christmas-tree/
138,https://cafedelites.com/antipasto-cheese-ball-christmas-tree/
139,https://cafedelites.com/caprese-christmas-wreath/
140,https://cafedelites.com/spinach-ricotta-manicotti-cannelloni/
141,https://cafedelites.com/best-lasagna/
142,https://cafedelites.com/lobster-tails-with-bacon-cream-sauce/
143,https://cafedelites.com/maple-glazed-ham/
144,https://cafedelites.com/chicken-noodle-soup/
145,https://cafedelites.com/creamy-tuscan-scallops/
146,https://cafedelites.com/meal-plan-week-55/
147,https://cafedelites.com/oven-baked-chicken-breast/
148,https://cafedelites.com/slow-cooker-hot-chocolate/
149,https://cafedelites.com/white-turkey-chili/
150,https://cafedelites.com/easy-thanksgiving-favorite-recipes/
151,https://cafedelites.com/cranberry-sauce/
152,https://cafedelites.com/cornbread-dressing/
153,https://cafedelites.com/mashed-sweet-potatoes/
154,https://cafedelites.com/crispy-skin-slow-cooker-turkey/
155,https://cafedelites.com/sheet-pan-lemon-parmesan-garlic-chicken-veggies-milanese/
156,https://cafedelites.com/easy-cinnamon-apple-crisp/
157,https://cafedelites.com/salmon-with-creamy-dijon-sauce/
158,https://cafedelites.com/meal-plan-week-54/
159,https://cafedelites.com/creamy-tomato-tortellini-soup-with-spinach/
160,https://cafedelites.com/parmesan-crusted-zucchini/
161,https://cafedelites.com/how-to-cook-spaghetti-squash/
162,https://cafedelites.com/easy-cajun-butter-chicken-breasts/
163,https://cafedelites.com/buttermilk-pancakes/
164,https://cafedelites.com/meal-plan-week-53/
165,https://cafedelites.com/butter-seared-lobster-tails/
166,https://cafedelites.com/garlic-parmesan-roasted-carrots/
167,https://cafedelites.com/meal-plan-week-52/
168,https://cafedelites.com/balsamic-baked-chicken-breast/
169,https://cafedelites.com/creamy-garlic-butter-tuscan-mushrooms/
170,https://cafedelites.com/easy-honey-garlic-pork-chops/
171,https://cafedelites.com/caprese-stuffed-balsamic-chicken/
172,https://cafedelites.com/caprese-stuffed-avocado/
173,https://cafedelites.com/meal-plan-week-51/
174,https://cafedelites.com/crispy-cilantro-lime-chicken/
175,https://cafedelites.com/black-beans-rice-recipe/
176,https://cafedelites.com/meal-plan-week-50/
177,https://cafedelites.com/creamed-spinach-stuffed-pork-chops/
178,https://cafedelites.com/spinach-artichoke-stuffed-chicken/
179,https://cafedelites.com/meal-plan-week-49/
180,https://cafedelites.com/creamy-garlic-parmesan-brussels-sprouts-bacon/
181,https://cafedelites.com/creamy-garlic-butter-salmon/
182,https://cafedelites.com/one-pan-lemon-garlic-butter-chicken-asparagus/
183,https://cafedelites.com/meal-plan-week-48/
184,https://cafedelites.com/meal-plan-week-47/
185,https://cafedelites.com/low-carb-browned-butter-chocolate-chip-skillet-cookie/
186,https://cafedelites.com/garlic-butter-shrimp-scampi/
187,https://cafedelites.com/steakhouse-steak/
188,https://cafedelites.com/creamy-garlic-scallops/
189,https://cafedelites.com/lobster-tails/
190,https://cafedelites.com/easy-thai-satay-chicken-recipe/
191,https://cafedelites.com/meal-plan-week-46/
192,https://cafedelites.com/creamy-garlic-butter-tuscan-shrimp/
193,https://cafedelites.com/french-dip-sandwich/
194,https://cafedelites.com/25-game-day-recipes/
195,https://cafedelites.com/slow-cooker-barbecue-ribs/
196,https://cafedelites.com/beef-bean-jalapeno-chili/
197,https://cafedelites.com/meal-plan-week-45/
198,https://cafedelites.com/chinese-lemon-chicken/
199,https://cafedelites.com/fried-rice/
200,https://cafedelites.com/creamy-garlic-mushrooms-bacon/
201,https://cafedelites.com/butter-chicken/
202,https://cafedelites.com/meal-plan-week-44/
203,https://cafedelites.com/beef-brisket/
204,https://cafedelites.com/garlic-green-beans/
205,https://cafedelites.com/carbonara-shrimp-alfredo-with-bacon/
206,https://cafedelites.com/french-onion-stuffed-chicken-casserole/
207,https://cafedelites.com/meal-plan-week-43/
208,https://cafedelites.com/cauliflower-soup/
209,https://cafedelites.com/firecracker-salmon-recipe/
210,https://cafedelites.com/meal-plan-week-42/
211,https://cafedelites.com/cajun-butter-steak-bites/
212,https://cafedelites.com/27-best-low-fat-low-carb-recipes/
213,https://cafedelites.com/cocktail-meatballs/
214,https://cafedelites.com/cheese-ball-antipasto/
215,https://cafedelites.com/meal-plan-week-41/
216,https://cafedelites.com/best-new-years-eve-appetizers/
217,https://cafedelites.com/ham-potato-soup/
218,https://cafedelites.com/ham-bean-soup/
219,https://cafedelites.com/strawberry-pancake-trifle/
220,https://cafedelites.com/french-toast-casserole/
221,https://cafedelites.com/creamy-garlic-chicken-breasts/
222,https://cafedelites.com/meal-plan-week-40/
223,https://cafedelites.com/banana-bread/
224,https://cafedelites.com/easy-soft-chewy-chocolate-chip-cookies/
225,https://cafedelites.com/best-fudgy-chocolate-cake/
226,https://cafedelites.com/hollandaise-sauce/
227,https://cafedelites.com/garlic-parmesan-browned-butter-mashed-potatoes/
228,https://cafedelites.com/meal-plan-week-39/
229,https://cafedelites.com/honey-baked-ham/
230,https://cafedelites.com/chocolate-peanut-clusters/
231,https://cafedelites.com/zuppa-toscana/
232,https://cafedelites.com/meal-plan-week-38/
233,https://cafedelites.com/peanut-butter-swirl-saltine-toffee-christmas-crack/
234,https://cafedelites.com/easy-chocolate-coconut-rum-balls/
235,https://cafedelites.com/cheesy-garlic-roasted-brussels-sprouts/
236,https://cafedelites.com/bacon-cheese-ball-wreath/
237,https://cafedelites.com/lamb-shanks/
238,https://cafedelites.com/meal-plan-week-37/
239,https://cafedelites.com/bacon-cheddar-biscuits/
240,https://cafedelites.com/creamy-parmesan-chicken-carbonara/
241,https://cafedelites.com/cheesy-meatball-recipe/
242,https://cafedelites.com/worlds-best-fudgiest-brownies/
243,https://cafedelites.com/pumpkin-pie/
244,https://cafedelites.com/buttery-pie-crust/
245,https://cafedelites.com/corn-casserole/
246,https://cafedelites.com/garlic-parmesan-scalloped-potatoes/
247,https://cafedelites.com/roasted-brussels-sprouts/
248,https://cafedelites.com/balsamic-glaze/
249,https://cafedelites.com/coq-au-vin/
250,https://cafedelites.com/meal-plan-week-36/
251,https://cafedelites.com/mashed-cauliflower/
252,https://cafedelites.com/cornbread-recipe/
253,https://cafedelites.com/cheesy-roasted-green-beans/
254,https://cafedelites.com/turkey-gravy/
255,https://cafedelites.com/beef-bourguignon/
256,https://cafedelites.com/meal-plan-week-35/
257,https://cafedelites.com/roasted-sweet-potatoes/
258,https://cafedelites.com/last-minute-sweet-potato-casserole/
259,https://cafedelites.com/creamy-mushroom-soup/
260,https://cafedelites.com/garlic-herb-prime-rib-roast/
261,https://cafedelites.com/meal-plan-week-34/
262,https://cafedelites.com/chicken-fajitas/
263,https://cafedelites.com/slow-cooker-whole-chicken/
264,https://cafedelites.com/creamy-shrimp-pasta/
265,https://cafedelites.com/butternut-squash-soup/
266,https://cafedelites.com/meal-plan-week-33/
267,https://cafedelites.com/sausage-cream-cheese-dip-stuffed-mushrooms/
268,https://cafedelites.com/browned-butter-parmesan-roasted-potatoes/
269,https://cafedelites.com/garlic-mushrooms/
270,https://cafedelites.com/meal-plan-week-32/
271,https://cafedelites.com/pan-seared-garlic-butter-steak-mushroom-cream-sauce/
272,https://cafedelites.com/creamy-spinach-artichoke-chicken-thighs/
273,https://cafedelites.com/meal-plan-week-31/
274,https://cafedelites.com/meal-plan-week-30/
275,https://cafedelites.com/creamy-garlic-parmesan-mac-and-cheese/
276,https://cafedelites.com/slow-cooker-beef-sweet-potato-stew/
277,https://cafedelites.com/maple-pecan-sticky-buns/
278,https://cafedelites.com/easy-cinnamon-raisin-rice-pudding/
279,https://cafedelites.com/chicken-thighs/
280,https://cafedelites.com/meal-plan-week-29/
281,https://cafedelites.com/instant-pot-pasta-e-fagioli/
282,https://cafedelites.com/honey-mustard-chicken-potatoes/
283,https://cafedelites.com/thick-creamy-pumpkin-soup/
284,https://cafedelites.com/breakfast-egg-muffins-3-ways/
285,https://cafedelites.com/meal-plan-week-28/
286,https://cafedelites.com/meal-plan-week-27/
287,https://cafedelites.com/nutella-churro-donut-holes/
288,https://cafedelites.com/swedish-meatballs-recipe/
289,https://cafedelites.com/easy-oven-baked-chicken-and-rice/
290,https://cafedelites.com/creamy-lemon-garlic-salmon-piccata/
291,https://cafedelites.com/meal-plan-week-26/
292,https://cafedelites.com/hot-fudge-chocolate-pudding-cake/
293,https://cafedelites.com/garlic-mushroom-chicken-thighs/
294,https://cafedelites.com/meal-plan-week-25/
295,https://cafedelites.com/sweet-and-sour-pork/
296,https://cafedelites.com/tuscan-chicken-mac-and-cheese/
297,https://cafedelites.com/best-labor-day-recipes/
298,https://cafedelites.com/creamy-garlic-shrimp/
299,https://cafedelites.com/meal-plan-week-24/
300,https://cafedelites.com/grilled-asparagus-recipe/
301,https://cafedelites.com/skinny-one-pot-chicken-bacon-fettuccine-alfredo/
302,https://cafedelites.com/meal-plan-week-23/
303,https://cafedelites.com/creamy-garlic-butter-tuscan-salmon/
304,https://cafedelites.com/meal-plan-week-22/
305,https://cafedelites.com/chicken-breast-recipes/
306,https://cafedelites.com/garlic-chicken-piccata/
307,https://cafedelites.com/meal-plan-week-21/
308,https://cafedelites.com/banana-popsicles/
309,https://cafedelites.com/steak-creamy-garlic-shrimp/
310,https://cafedelites.com/meal-plan-week-20/
311,https://cafedelites.com/pad-thai/
312,https://cafedelites.com/avocado-corn-tomato-salad/
313,https://cafedelites.com/easy-tomato-salad/
314,https://cafedelites.com/creamy-dijon-chicken/
315,https://cafedelites.com/meal-plan-week-19/
316,https://cafedelites.com/pineapple-rum-punch/
317,https://cafedelites.com/pork-chops/
318,https://cafedelites.com/greek-chickpea-salad/
319,https://cafedelites.com/meal-plan-week-18/
320,https://cafedelites.com/101-calorie-lemon-bars-recipe/
321,https://cafedelites.com/chicken-burrito-bowl/
322,https://cafedelites.com/classic-spanish-paella/
323,https://cafedelites.com/seared-salmon-avocado-tomato-salsa/
324,https://cafedelites.com/hawaiian-chicken-bacon-pineapple-kebabs/
325,https://cafedelites.com/chili-lime-steak-fajitas/
326,https://cafedelites.com/chicken-chow-mein/
327,https://cafedelites.com/avocado-feta-cucumber-salad/
328,https://cafedelites.com/salmon-salad/
329,https://cafedelites.com/menu-plan-week-17/
330,https://cafedelites.com/bruschetta-stuffed-avocados/
331,https://cafedelites.com/creamy-chicken-recipes/
332,https://cafedelites.com/herb-red-potato-salad/
333,https://cafedelites.com/avocado-chicken-salad/
334,https://cafedelites.com/garlic-butter-grilled-steak-shrimp/
335,https://cafedelites.com/lemon-chicken/
336,https://cafedelites.com/honey-mustard-chicken-salad/
337,https://cafedelites.com/asparagus/
338,https://cafedelites.com/meal-plan-13/
339,https://cafedelites.com/cauliflower-fried-rice-low-carb/
340,https://cafedelites.com/caprese-salad/
341,https://cafedelites.com/best-chimichurri-chicken/
342,https://cafedelites.com/potato-salad/
343,https://cafedelites.com/creamy-pesto-shrimp-alfredo/
344,https://cafedelites.com/18-best-salad-recipes/
345,https://cafedelites.com/3-ingredient-barbecue-soy-chicken-drumsticks/
346,https://cafedelites.com/mothers-day-menu/
347,https://cafedelites.com/creamy-roasted-tomato-basil-soup/
348,https://cafedelites.com/buttery-honey-garlic-shrimp/
349,https://cafedelites.com/lemon-herb-mediterranean-pasta-salad/
350,https://cafedelites.com/cinco-de-mayo-recipes/
351,https://cafedelites.com/carne-asada/
352,https://cafedelites.com/pico-de-gallo/
353,https://cafedelites.com/chili-mac/
354,https://cafedelites.com/menu-plan-week-15/
355,https://cafedelites.com/spicy-shrimp-fajitas/
356,https://cafedelites.com/creamy-spinach-stuffed-salmon/
357,https://cafedelites.com/caprese-pasta-salad/
358,https://cafedelites.com/kung-pao-chicken/
359,https://cafedelites.com/creamy-chicken-marsala/
360,https://cafedelites.com/steaks-with-chimichurri/
361,https://cafedelites.com/chicken-tikka-masala/
362,https://cafedelites.com/honey-soy-chicken-stir-fry/
363,https://cafedelites.com/lemon-garlic-asparagus/
364,https://cafedelites.com/browned-butter-honey-lime-shrimp/
365,https://cafedelites.com/easy-hot-cross-buns-chocolate-chips/
366,https://cafedelites.com/easter-menu-planning/
367,https://cafedelites.com/lemon-garlic-butter-scallops/
368,https://cafedelites.com/menu-plan-week-14/
369,https://cafedelites.com/nutella-stuffed-deep-dish-chocolate-chip-skillet-cookie-pizookie/
370,https://cafedelites.com/honey-garlic-butter/
371,https://cafedelites.com/sheet-pan-garlic-butter-baked-salmon/
372,https://cafedelites.com/creamy-garlic-parmesan-chicken-alfredo/
373,https://cafedelites.com/menu-plan-week-13/
374,https://cafedelites.com/sesame-beef-stir-fry/
375,https://cafedelites.com/slow-cooker-asian-glazed-chicken/
376,https://cafedelites.com/meal-plan-week-12/
377,https://cafedelites.com/ribeye-steaks-with-mushroom-gravy/
378,https://cafedelites.com/shrimp-cakes/
379,https://cafedelites.com/teriyaki-chicken-recipe/
380,https://cafedelites.com/meal-plan-week-11/
381,https://cafedelites.com/slow-cooker-vegetarian-quinoa-chili/
382,https://cafedelites.com/meal-plan-week-10/
383,https://cafedelites.com/easy-honey-garlic-chicken/
384,https://cafedelites.com/crispy-garlic-butter-parmesan-smashed-potatoes/
385,https://cafedelites.com/creamy-tuscan-chicken/
386,https://cafedelites.com/meal-plan-week-9/
387,https://cafedelites.com/skinny-slow-cooker-potato-soup/
388,https://cafedelites.com/creamy-garlic-butter-shrimp-piccata/
389,https://cafedelites.com/meal-plan-week-8/
390,https://cafedelites.com/greek-lamb-chops/
391,https://cafedelites.com/avocado-greek-salad/
392,https://cafedelites.com/meal-plan-week-7/
393,https://cafedelites.com/salisbury-steak-with-mushroom-gravy/
394,https://cafedelites.com/meal-plan-week-6/
395,https://cafedelites.com/slow-cooker-mediterranean-chicken/
396,https://cafedelites.com/sheet-pan-garlic-herb-butter-chicken/
397,https://cafedelites.com/meal-plan-week-5/
398,https://cafedelites.com/avocado-chickpea-tuna-salad/
399,https://cafedelites.com/easy-mozzarella-chicken-recipe/
400,https://cafedelites.com/meal-plan-week-4/
401,https://cafedelites.com/creamy-beef-and-mushroom-stroganoff/
402,https://cafedelites.com/best-lentil-soup/
403,https://cafedelites.com/grilled-chilli-lime-chicken-fajita-salad/
404,https://cafedelites.com/meal-plan-week-3/
405,https://cafedelites.com/21-best-recipes-2017/
406,https://cafedelites.com/best-teriyaki-beef-meatballs/
407,https://cafedelites.com/garlic-butter-prosciutto-wrapped-asparagus/
408,https://cafedelites.com/christmas-sugar-cookies/
409,https://cafedelites.com/bloomin-onion-garlic-bread-pull-apart-bread/
410,https://cafedelites.com/brown-sugar-mustard-glazed-ham/
411,https://cafedelites.com/red-velvet-french-toast/
412,https://cafedelites.com/grilled-avocado-caprese-crostini/
413,https://cafedelites.com/meal-plan-week-2/
414,https://cafedelites.com/easy-honey-garlic-salmon/
415,https://cafedelites.com/weekly-meal-plan-1/
416,https://cafedelites.com/chocolate-pumpkin-cheesecake/
417,https://cafedelites.com/honey-dijon-apple-bacon-cranberry-salad/
418,https://cafedelites.com/cheesy-garlic-sweet-potatoes/
419,https://cafedelites.com/easy-creamed-spinach/
420,https://cafedelites.com/browned-butter-honey-garlic-chicken/
421,https://cafedelites.com/one-pan-dijon-garlic-pork-tenderloin-veggies/
422,https://cafedelites.com/individual-garlic-cheese-bread/
423,https://cafedelites.com/creamy-beer-cheese-chicken/
424,https://cafedelites.com/sheet-pan-chicken-cordon-bleu/
425,https://cafedelites.com/best-fudgy-chocolate-brownie-cookies/
426,https://cafedelites.com/one-pan-asian-chicken-and-rice/
427,https://cafedelites.com/apple-pie-cinnamon-rolls/
428,https://cafedelites.com/garlic-butter-honey-mustard-salmon-in-foil/
429,https://cafedelites.com/slow-cooker-creamy-gnocchi-sausage-kale-soup/
430,https://cafedelites.com/cheesy-garlic-butter-mushroom-stuffed-chicken/
431,https://cafedelites.com/crispy-garlic-parmesan-salmon/
432,https://cafedelites.com/cheesy-mashed-sweet-potato-cakes/
433,https://cafedelites.com/shrimp-mexican-corn-foil-packets/
434,https://cafedelites.com/chunky-shrimp-guacamole/
435,https://cafedelites.com/creamy-chicken-francese/
436,https://cafedelites.com/garlic-tomato-basil-chicken/
437,https://cafedelites.com/spanish-omelette/
438,https://cafedelites.com/pesto-grilled-chicken-avocado-salad/
439,https://cafedelites.com/grilled-chicken-caprese/
440,https://cafedelites.com/lemon-parmesan-salmon-asparagus-foil-packs/
441,https://cafedelites.com/pan-seared-fish-with-tomatoes-olives/
442,https://cafedelites.com/grilled-bruschetta-portobello-mushrooms/
443,https://cafedelites.com/steak-cheesy-bacon-potato-hash-foil-packs/
444,https://cafedelites.com/shrimp-avocado-garlic-bread/
445,https://cafedelites.com/grilled-chicken-cobb-caesar-salad/
446,https://cafedelites.com/sheet-pan-full-breakfast-with-garlic-butter-mushrooms/
447,https://cafedelites.com/sheet-pan-garlic-parmesan-roasted-broccoli-green-beans/
448,https://cafedelites.com/honey-garlic-butter-shrimp-pineapple-skewers/
449,https://cafedelites.com/strawberry-rose-slushies/
450,https://cafedelites.com/portuguese-bbq-peri-peri-chicken-homemade-nandos-recipe/
451,https://cafedelites.com/honey-sesame-salmon-in-foil/
452,https://cafedelites.com/loaded-greek-chicken-avocado-salad/
453,https://cafedelites.com/honey-garlic-sriracha-chicken/
454,https://cafedelites.com/easy-huevos-rancheros/
455,https://cafedelites.com/pork-carnitas-mexican-slow-cooked-pulled-pork/
456,https://cafedelites.com/chicken-cucumber-avocado-salad/
457,https://cafedelites.com/crispy-greek-lemon-smashed-potatoes/
458,https://cafedelites.com/honey-lime-garlic-butter-salmon/
459,https://cafedelites.com/soft-peanut-butter-cookies/
460,https://cafedelites.com/one-pot-orzo-primavera/
461,https://cafedelites.com/grilled-chimichurri-chicken-avocado-salad/
462,https://cafedelites.com/browned-butter-honey-garlic-shrimp/
463,https://cafedelites.com/honey-lime-fruit-salad-recipe/
464,https://cafedelites.com/crispy-seared-lemon-garlic-herb-salmon/
465,https://cafedelites.com/lemon-chicken-scallopini-with-lemon-garlic-cream-sauce/
466,https://cafedelites.com/beef-and-guinness-stew/
467,https://cafedelites.com/one-pan-honey-lemon-chicken-asparagus/
468,https://cafedelites.com/italian-herb-bruschetta-chicken/
469,https://cafedelites.com/slow-cooker-tortellini-minestrone-soup/
470,https://cafedelites.com/crispy-honey-orange-glazed-salmon/
471,https://cafedelites.com/creamy-parmesan-herb-chicken-mushroom/
472,https://cafedelites.com/top-10-recipes-2016/
473,https://cafedelites.com/lemon-garlic-butter-shrimp/
474,https://cafedelites.com/special-ingredient-hot-chocolate/
475,https://cafedelites.com/garlic-butter-pizza-pull-apart-bread/
476,https://cafedelites.com/teriyaki-glazed-chicken-salad/
477,https://cafedelites.com/apple-pie-french-toast-bake/
478,https://cafedelites.com/honey-roasted-butternut-squash-brussels-sprouts/
479,https://cafedelites.com/stove-top-green-bean-parmesan-casserole/
480,https://cafedelites.com/one-pan-juicy-herb-roasted-turkey/
481,https://cafedelites.com/lemon-butter-garlic-salmon/
482,https://cafedelites.com/slow-cooker-chicken-cacciatore/
483,https://cafedelites.com/sweet-potato-hash-brown-breakfast-casserole/
484,https://cafedelites.com/quick-easy-creamy-herb-chicken/
485,https://cafedelites.com/spaghetti-squash-lasagna-boats/
486,https://cafedelites.com/nutella-pumpkin-chocolate-chip-bread/
487,https://cafedelites.com/15-minute-creamy-tomato-garlic-butter-shrimp/
488,https://cafedelites.com/garlic-herb-chicken-sweet-potato-sheet-pan-meal-prep/
489,https://cafedelites.com/creamy-chicken-noodle-soup/
490,https://cafedelites.com/slow-cooker-beef-ragu/
491,https://cafedelites.com/creamy-slow-cooker-mashed-potatoes/
492,https://cafedelites.com/creamy-garlic-parmesan-mushroom-chicken-bacon/
493,https://cafedelites.com/one-pan-tomato-basil-chicken-rice-recipe/
494,https://cafedelites.com/soft-pumpkin-chocolate-chip-cookies/
495,https://cafedelites.com/garlic-teriyaki-chicken-thighs/
496,https://cafedelites.com/easy-lasagna-stuffed-burritos/
497,https://cafedelites.com/garlic-lemon-herb-mediterranean-chicken-potatoes/
498,https://cafedelites.com/churro-apple-pie-bowls/
499,https://cafedelites.com/chicken-avocado-caprese-salad/
500,https://cafedelites.com/oven-baked-barbecue-chicken-pizza-tacos/
501,https://cafedelites.com/chicken-shawarma-salad/
502,https://cafedelites.com/cheesy-bacon-smashed-potatoes/
503,https://cafedelites.com/basil-pesto-chicken-spaghetti/
504,https://cafedelites.com/maple-grilled-peaches-almond-cookie-crumb/
505,https://cafedelites.com/creamy-champagne-chicken-recipe/
506,https://cafedelites.com/southwestern-chicken-salad/
507,https://cafedelites.com/cheesecake-stuffed-chocolate-chip-skillet-cookie/
508,https://cafedelites.com/creamy-lemon-parmesan-shrimp/
509,https://cafedelites.com/blt-balsamic-chicken-avocado-feta-salad/
510,https://cafedelites.com/2-ingredient-pesto-chicken-recipe/
511,https://cafedelites.com/satay-shrimp-skewers/
512,https://cafedelites.com/slow-cooker-spaghetti-bolognese/
513,https://cafedelites.com/easy-satay-dipping-sauce-recipe/
514,https://cafedelites.com/grilled-lemon-herb-mediterranean-chicken-salad-recipe/
515,https://cafedelites.com/honey-garlic-butter-salmon-in-foil/
516,https://cafedelites.com/creamy-honey-mustard-chicken/
517,https://cafedelites.com/white-peach-iced-tea-recipe/
518,https://cafedelites.com/bruschetta-chicken-pasta-salad/
519,https://cafedelites.com/classic-blueberry-lemon-cheesecake-waffles-recipe/
520,https://cafedelites.com/blueberry-sauce-recipe/
521,https://cafedelites.com/portobello-pizzas/
522,https://cafedelites.com/skinny-lemon-garlic-shrimp-caesar-salad/
523,https://cafedelites.com/balsamic-glazed-caprese-chicken-recipe/
524,https://cafedelites.com/grilled-cajun-chicken-salad-creamy-cajun-dressing-recipe/
525,https://cafedelites.com/chocolate-peanut-butter-cheesecake-cake/
526,https://cafedelites.com/slow-cooker-barbacoa-short-rib-tacos/
527,https://cafedelites.com/strawberry-rhubarb-crisp/
528,https://cafedelites.com/greek-chicken-potatoes/
529,https://cafedelites.com/no-bake-pineapple-cheesecakes/
530,https://cafedelites.com/sun-dried-tomato-parmesan-chicken/
531,https://cafedelites.com/sheet-pan-chili-lime-salmon/
532,https://cafedelites.com/chocolate-chip-cookie-marbled-skillet-brownie/
533,https://cafedelites.com/oven-fried-chicken-with-broccoli-honey-garlic-sauce/
534,https://cafedelites.com/grilled-tequila-lime-chicken-taco-salad/
535,https://cafedelites.com/frozen-strawberry-and-mango-margaritas/
536,https://cafedelites.com/spicy-garlic-sun-dried-tomato-shrimp-recipe/
537,https://cafedelites.com/strawberry-coconut-cheesecake-salad/
538,https://cafedelites.com/greek-lemon-garlic-chicken-salad/
539,https://cafedelites.com/churro-ice-cream-bowls-cups/
540,https://cafedelites.com/tomato-caprese-garlic-breads/
541,https://cafedelites.com/mongolian-beef-and-broccoli/
542,https://cafedelites.com/strawberry-raspberry-oatmeal-cheesecake-smoothie/
543,https://cafedelites.com/garlic-browned-butter-baked-asparagus/
544,https://cafedelites.com/honey-lemon-garlic-chicken/
545,https://cafedelites.com/crispy-oven-fried-beer-batter-crumbed-shrimp/
546,https://cafedelites.com/dark-chocolate-cake-waffles/
547,https://cafedelites.com/crispy-broccoli-parmesan-fritters-recipe/
548,https://cafedelites.com/mozzarella-chicken-in-tomato-sauce/
549,https://cafedelites.com/blueberry-lemon-cheesecake-cake/
550,https://cafedelites.com/easy-3-ingredient-pancakes/
551,https://cafedelites.com/chocolate-chip-cookie-dough-filled-easter-eggs/
552,https://cafedelites.com/balsamic-chickpea-avocado-feta-salad/
553,https://cafedelites.com/one-skillet-thai-chicken-thighs-noodles/
554,https://cafedelites.com/carrot-cake-cheesecake-recipe/
555,https://cafedelites.com/one-pan-lemon-garlic-baked-salmon-asparagus/
556,https://cafedelites.com/crustless-chocolate-raspberry-cheesecake/
557,https://cafedelites.com/cilantro-lime-chicken-salad-mango-avocado-salsa/
558,https://cafedelites.com/easy-mango-blueberry-crumble-recipe/
559,https://cafedelites.com/caprese-frittata/
560,https://cafedelites.com/singapore-zoodle-stir-fry-with-chicken/
561,https://cafedelites.com/low-fat-chocolate-mug-cake-recipe/
562,https://cafedelites.com/julia-childs-creamy-chicken-mushroom-recipe/
563,https://cafedelites.com/chipotle-lime-carnitas-salad/
564,https://cafedelites.com/cilantro-lime-cauliflower-rice/
565,https://cafedelites.com/crispy-slow-cooker-carnitas/
566,https://cafedelites.com/sticky-thai-chicken-wings-recipe/
567,https://cafedelites.com/browned-butter-shrimp-scampi/
568,https://cafedelites.com/red-velvet-churros-recipe/
569,https://cafedelites.com/strawberry-cheesecake-donut-holes-recipe/
570,https://cafedelites.com/easy-salmon-piccata/
571,https://cafedelites.com/eggs-in-tomato-sauce-shakshuka/
572,https://cafedelites.com/avocado-alfredo-zoodles/
573,https://cafedelites.com/zebra-marble-pancakes/
574,https://cafedelites.com/thai-chicken-meatball-salad/
575,https://cafedelites.com/red-velvet-marbled-waffles/
576,https://cafedelites.com/twice-baked-chicken-fajita-sweet-potatoes/
577,https://cafedelites.com/mini-chocolate-chip-greek-yogurt-cookies/
578,https://cafedelites.com/pomegranate-cobb-salad/
579,https://cafedelites.com/butter-cake-with-kahlua-chocolate-cream-frosting/
580,https://cafedelites.com/sticky-chinese-barbecue-pork-belly-ribs-char-siu-recipe/
581,https://cafedelites.com/new-years-eve-recipes-2015/
582,https://cafedelites.com/blender-eggnog-crepes/
583,https://cafedelites.com/berry-limoncello-sangria/
584,https://cafedelites.com/mini-caprese-deep-dish-pizzas-recipes/
585,https://cafedelites.com/no-bake-eggnog-berry-cheesecakes-recipe/
586,https://cafedelites.com/gingerbread-french-toast-roll-ups/
587,https://cafedelites.com/hasselback-herbed-garlic-butter-sweet-potatoes-recipe/
588,https://cafedelites.com/crispy-beer-roast-turkey-recipe/
589,https://cafedelites.com/candy-cane-christmas-smores-dip-recipe/
590,https://cafedelites.com/salmon-and-avocado-caesar-salad-recipe/
591,https://cafedelites.com/sticky-date-french-toast-bake/
592,https://cafedelites.com/easy-garlic-butter-recipe/
593,https://cafedelites.com/garlic-prawn-shrimp-salad-wonton-cups/
594,https://cafedelites.com/nutella-stuffed-deep-dish-gingerbread-cookie/
595,https://cafedelites.com/creamy-lemon-garlic-chicken/
596,https://cafedelites.com/banana-bread-french-toast/
597,https://cafedelites.com/roasted-asian-glazed-chicken-thighs/
598,https://cafedelites.com/coconut-cream-pie-waffles/
599,https://cafedelites.com/coconut-whipped-cream/
600,https://cafedelites.com/chicken-and-mushrooms-in-a-creamy-white-wine-sauce/
601,https://cafedelites.com/maple-glazed-apple-fritter-donut-holes/
602,https://cafedelites.com/16-savoury-fall-recipes/
603,https://cafedelites.com/15-sweet-fall-recipes/
604,https://cafedelites.com/chicken-green-bean-and-butternut-squash-curry/
605,https://cafedelites.com/sun-dried-tomato-cheesy-meatballs/
606,https://cafedelites.com/churro-french-toast-ice-cream-sandwich/
607,https://cafedelites.com/chocolate-chip-cheesecake-cookie-dough-cups/
608,https://cafedelites.com/pumpkin-and-bacon-stuffed-portobellos-with-browned-butter-sage/
609,https://cafedelites.com/sausage-eggplant-lasagna-with-ricotta-pesto/
610,https://cafedelites.com/single-serve-jumbo-chocolate-chip-cookie-low-carb/
611,https://cafedelites.com/cheesy-scrambled-eggs-in-avocado/
612,https://cafedelites.com/creamy-garlic-shrimp-cauliflower-rice-risotto/
613,https://cafedelites.com/barbecue-buffalo-chicken-thighs-with-avocado/
614,https://cafedelites.com/nutella-stuffed-banana-pancakes/
615,https://cafedelites.com/fudgy-flourless-hazelnut-brownies/
616,https://cafedelites.com/zucchini-zettuccine-carbonara/
617,https://cafedelites.com/almond-peach-pie-vanilla-bean-mascarpone-cream/
618,https://cafedelites.com/salted-chocolate-dipped-peanut-butter-cookies/
619,https://cafedelites.com/spinach-and-ricotta-zucchini-cannelloni/
620,https://cafedelites.com/blueberry-ricotta-pancakes/
621,https://cafedelites.com/cauliflower-hash-brown-egg-cups-low-carb-gluten-free/
622,https://cafedelites.com/creamy-sun-dried-tomato-parmesan-chicken-zoodles/
623,https://cafedelites.com/creamy-kahlua-raspberry-cheesecake-parfaits/
624,https://cafedelites.com/low-carb-zucchini-brownies/
625,https://cafedelites.com/slow-cooker-steak-and-gravy-pies/
626,https://cafedelites.com/refined-sugar-free-nutella-spread/
627,https://cafedelites.com/sundried-tomato-and-garlic-roast-lamb/
628,https://cafedelites.com/potato-egg-and-green-bean-salad/
629,https://cafedelites.com/red-velvet-cookie-dough-frozen-yogurt/
630,https://cafedelites.com/no-bake-nutella-cheesecake-chocolate-chip-cookie-parfait/
631,https://cafedelites.com/one-pan-spanish-chicken-and-rice/
632,https://cafedelites.com/churro-lava-cakes/
633,https://cafedelites.com/banana-cream-pie-breakfast-smoothie/
634,https://cafedelites.com/carne-asada-guacamole-burgers/
635,https://cafedelites.com/chocolate-cherry-browned-butter-german-pancake/
636,https://cafedelites.com/browned-butter-honey-garlic-salmon/
637,https://cafedelites.com/strawberry-coconut-mojitos/
638,https://cafedelites.com/easy-japanese-chicken-yakitori-recipe/
639,https://cafedelites.com/grilled-pizza-panini/
640,https://cafedelites.com/blueberry-cheesecake-french-toast-streusel-muffins/
641,https://cafedelites.com/grilled-balsamic-chicken-and-avocado-bruschetta-salad/
642,https://cafedelites.com/espresso-fudge-brownies-with-mocha-swirl-cookie-dough/
643,https://cafedelites.com/one-pan-mozzarella-stuffed-chicken-parmesan/
644,https://cafedelites.com/jam-jelly-donut-pancakes/
645,https://cafedelites.com/flourless-oatmeal-peanut-butter-chocolate-chip-cookies/
646,https://cafedelites.com/blackened-shrimp-asparagus-and-avocado-salad/
647,https://cafedelites.com/dulce-de-leche-churro-empanadas/
648,https://cafedelites.com/no-yeast-strawberries-and-cream-cinnamon-rolls/
649,https://cafedelites.com/carne-asada-chipotle-pull-apart-bread/
650,https://cafedelites.com/corn-on-the-cob-with-garlic-butter/
651,https://cafedelites.com/spinach-and-ricotta-grilled-cheese/
652,https://cafedelites.com/nutella-stuffed-salted-caramel-blondies/
653,https://cafedelites.com/one-pot-italian-chicken-and-rice/
654,https://cafedelites.com/mixed-berry-and-chocolate-chunk-buttermilk-scones-with-a-cream-cheese-glaze/
655,https://cafedelites.com/oven-fried-tempura-batter-shrimp-lettuce-wraps-with-teriyaki-sauce/
656,https://cafedelites.com/huevos-rancheros-tortizza-tortilla-pizza/
657,https://cafedelites.com/raspberry-oreo-no-bake-cheesecake-parfaits/
658,https://cafedelites.com/turkey-pesto-and-garlic-meatballs/
659,https://cafedelites.com/simple-nutella-quesadillas/
660,https://cafedelites.com/korean-bulgogi-bbq-beef-tacos/
661,https://cafedelites.com/broccolini-prosciutto-feta-and-avocado-salad/
662,https://cafedelites.com/shrimp-guacamole-salad/
663,https://cafedelites.com/double-chocolate-brownie-pancakes/
664,https://cafedelites.com/cheesy-chicken-and-roasted-tomato-mozzarella-pasta-bake/
665,https://cafedelites.com/clean-eating-strawberry-quinoa-kale-salad/
666,https://cafedelites.com/nutella-stuffed-peanut-butter-chocolate-chip-skillet-cookie/
667,https://cafedelites.com/creamy-tomato-chicken-drumsticks/
668,https://cafedelites.com/strawberry-shortcake-greek-yogurt-pancakes/
669,https://cafedelites.com/smoked-salmon-and-avocado-pizza/
670,https://cafedelites.com/fiery-lamb-ragu-on-parpadelle/
671,https://cafedelites.com/peanut-butter-cheesecake-stuffed-chocolate-brownie-french-toasts/
672,https://cafedelites.com/lemon-blueberry-french-toast/
673,https://cafedelites.com/drunken-aussie-beef-burgers/
674,https://cafedelites.com/simple-hoisin-chicken-and-broccoli-stir-fry/
675,https://cafedelites.com/crispy-beer-chicken-with-a-creamy-beer-mushroom-gravy/
676,https://cafedelites.com/greek-lamb-souvlaki-with-a-garlic-yogurt-dip/
677,https://cafedelites.com/ferrero-rocher-deep-dish-skillet-brownie-cookie/
678,https://cafedelites.com/beef-and-pumpkin-lasagna/
679,https://cafedelites.com/skinny-chicken-and-avocado-caesar-salad/
680,https://cafedelites.com/cappuccino-french-toast-with-coffee-cream/
681,https://cafedelites.com/barbecue-chicken-pizza-stuffed-pull-apart-bread/
682,https://cafedelites.com/apple-pie-deep-dish-skillet-cookie/
683,https://cafedelites.com/barbecued-seafood-salad-with-garlicky-greek-yogurt-dressing/
684,https://cafedelites.com/chocolate-stuffed-churro-pancakes/
685,https://cafedelites.com/spaghetti-bolognese/
686,https://cafedelites.com/mixed-berry-nutella-brownies/
687,https://cafedelites.com/sticky-honey-sesame-chicken-wings/
688,https://cafedelites.com/seared-salmon-and-prawn-fried-rice/
689,https://cafedelites.com/nutella-stuffed-deep-dish-churro-skillet-cookie/
690,https://cafedelites.com/crispy-garlic-chicken-strips-with-sweet-chilli-mayo/
691,https://cafedelites.com/strawberries-and-cream-crepes-with-orange-liqueur/
692,https://cafedelites.com/nutella-stuffed-baked-banana-bread-donuts/
693,https://cafedelites.com/smokey-mexican-beef-wedges/
694,https://cafedelites.com/thai-style-prawn-shrimp-and-avocado-noodle-bowls/
695,https://cafedelites.com/nutella-swirl-cheesecake-with-nutella-fudge-sauce/
696,https://cafedelites.com/balsamic-chicken-salad-lemon-quinoa/
697,https://cafedelites.com/world-nutella-day/
698,https://cafedelites.com/caramelized-fig-toasted-oatmeal/
699,https://cafedelites.com/bbq-turkey-and-greek-yogurt-slaw-burgers/
700,https://cafedelites.com/honey-mustard-chicken-stir-fry/
701,https://cafedelites.com/lamington-french-toast-chocolate-coconut-raspberry-jam-syrup/
702,https://cafedelites.com/steak-fajita-grilled-cheese/
703,https://cafedelites.com/one-pot-ravioli-creamy-tomato-beef-sauce/
704,https://cafedelites.com/peanut-butter-choc-chip-deep-dish-skillet-cookie-low-fat/
705,https://cafedelites.com/teriyaki-glazed-salmon/
706,https://cafedelites.com/instant-blueberry-frozen-yogurt/
707,https://cafedelites.com/nutella-hot-chocolate-oatmeal-porridge/
708,https://cafedelites.com/creamy-chicken-and-broccoli-pumpkin-alfredo/
709,https://cafedelites.com/fluffy-greek-yoghurt-mixed-berry-choc-chip-pancakes/
710,https://cafedelites.com/lemon-paprika-garlic-prawns-shrimp/
711,https://cafedelites.com/barbecue-chicken-pizzadilla/
712,https://cafedelites.com/lightened-chicken-carbonara/
713,https://cafedelites.com/chocolate-covered-bananas/
714,https://cafedelites.com/nutella-stuffed-cinnamon-sugar-donut-pancakes/
715,https://cafedelites.com/garlic-and-lime-barbecue-chicken-salad/
716,https://cafedelites.com/focaccia-three-cheese-italian-grilled-cheese/
717,https://cafedelites.com/peanut-butter-stuffed-chocolate-covered-berries/
718,https://cafedelites.com/blt-breakfast-salad-with-honey-mustard-dressing/
719,https://cafedelites.com/simple-chicken-teriyaki-stir-fry/
720,https://cafedelites.com/blueberry-coconut-muffin-cake/
721,https://cafedelites.com/strawberries-cream-tiramisu-parfait/
722,https://cafedelites.com/no-yeast-choc-chip-cinnamon-rolls/
723,https://cafedelites.com/orange-creme-caramel-with-toffee-shards/
724,https://cafedelites.com/osso-bucco-in-red-wine-salsa-with-soft-polenta/
725,https://cafedelites.com/nutella-fruit-french-toast-cannoli/
726,https://cafedelites.com/choc-chip-cookie-sticks/
727,https://cafedelites.com/candy-cane-fudge-brownies/
728,https://cafedelites.com/goats-cheese-and-smoked-salmon-english-muffin/
729,https://cafedelites.com/whole-wheat-choc-chip-banana-bread-pancakes/
730,https://cafedelites.com/cookie-butter-gingerbread-caramel-chip-blondies/
731,https://cafedelites.com/peanut-butter-nutella-smores-hot-chocolate/
732,https://cafedelites.com/peanut-butter-nutella-hot-chocolate/
733,https://cafedelites.com/garlic-prawns-and-avocado-crostini/
734,https://cafedelites.com/nutella-smores-crepes/
735,https://cafedelites.com/jamie-eason-natural-whey-isolate-peanut-butter-brownie-pie/
736,https://cafedelites.com/chicken-corn-enchilada-bake/
737,https://cafedelites.com/strawberry-swirl-cheesecake/
738,https://cafedelites.com/orange-poppy-seed-pancakes/
739,https://cafedelites.com/skinny-satay-turkey-skewers/
740,https://cafedelites.com/boozy-cranberry-cobbler-cake/
741,https://cafedelites.com/loaded-taco-grilled-cheese/
742,https://cafedelites.com/turkey-sweet-potato-kale-cannelloni/
743,https://cafedelites.com/peanut-butter-chocolate-chip-banana-bread/
744,https://cafedelites.com/warm-chicken-and-pumpkin-lentil-stew/
745,https://cafedelites.com/creamy-chicken-mushroom-macaroni-cheese-bake/
746,https://cafedelites.com/nutella-stuffed-churro-french-toast/
747,https://cafedelites.com/cinnamon-cheesecake-swirl-pumpkin-bars/
748,https://cafedelites.com/chicken-haloumi-and-avocado-salad-with-lime-dressing/
749,https://cafedelites.com/mango-coconut-cheesecake-parfaits/
750,https://cafedelites.com/tortellini-chunky-beef-sauce/
751,https://cafedelites.com/caprese-grilled-cheese/
752,https://cafedelites.com/nutella-hot-chocolate/
753,https://cafedelites.com/crispy-smoked-salmon-and-fried-egg-stack/
754,https://cafedelites.com/sweet-chilli-and-sour-cream-chicken-burgers/
755,https://cafedelites.com/chocolate-peanut-butter-cup-brownies/
756,https://cafedelites.com/caramel-chip-pumpkin-pancakes/
757,https://cafedelites.com/simple-chicken-noodle-stir-fry/
758,https://cafedelites.com/banana-bread-chocolate-chip-blondies/
759,https://cafedelites.com/banoffee-french-toast/
760,https://cafedelites.com/cinnamon-cheesecake-swirled-pumpkin-blondies/
761,https://cafedelites.com/cheesy-potatoes/
762,https://cafedelites.com/fetta-sundried-tomato-stuffed-chicken-spinach-rolls/
763,https://cafedelites.com/beef-pumpkin-shepards-pie/
764,https://cafedelites.com/pancake-maple-blondies/
765,https://cafedelites.com/cheesy-pizza-pull-apart-bread/
766,https://cafedelites.com/caramel-apple-pancakes/
767,https://cafedelites.com/creamy-pumpkin-spinach-soup-crispy-bacon/
768,https://cafedelites.com/banana-and-blueberry-chocolate-chip-muffins/
769,https://cafedelites.com/double-chocolate-cherry-cheesecake-french-toast/
770,https://cafedelites.com/cheesy-bacon-bolognese-stuffed-sweet-potatoes/
771,https://cafedelites.com/apple-chai-muffins/
772,https://cafedelites.com/nutella-brownie-oatmeal/
773,https://cafedelites.com/churro-chocolate-chunk-blondies/
774,https://cafedelites.com/strawberry-cheesecake-crepes/
775,https://cafedelites.com/chicken-pumpkin-ricotta-lasagna/
776,https://cafedelites.com/cream-cheese-scrambled-eggs/
777,https://cafedelites.com/churro-cake/
778,https://cafedelites.com/banana-split-french-toast/
779,https://cafedelites.com/peanut-butter-and-jam-nutella-banana-blondies/
780,https://cafedelites.com/cinnamon-raisin-pancakes/
781,https://cafedelites.com/tomato-beef-eggplants/
782,https://cafedelites.com/cookies-cream-brownies/
783,https://cafedelites.com/lamb-chickpea-salad/
784,https://cafedelites.com/chocolate-covered-raspberry-crepes/
785,https://cafedelites.com/pan-fried-asparagus-with-poached-eggs-bruschetta/
786,https://cafedelites.com/barbecue-chicken-pizza-egg-wrap/
787,https://cafedelites.com/easy-white-wine-marinara/
788,https://cafedelites.com/banana-cinnamon-maple-cake/
789,https://cafedelites.com/chicken-bruschetta-pasta-salad/
790,https://cafedelites.com/pina-colada-french-toast/
791,https://cafedelites.com/bacon-silverbeet-potato-tortilla/
792,https://cafedelites.com/gingerbread-french-toasts/
793,https://cafedelites.com/jumbo-chunky-monkey-muffin/
794,https://cafedelites.com/turkey-and-spinach-mediterranean-grilled-cheese/
795,https://cafedelites.com/cappuccino-pancakes/
796,https://cafedelites.com/chocolate-peanut-butter-cheesecake-brownies/
797,https://cafedelites.com/easy-taco-salad/
798,https://cafedelites.com/blueberry-chocolate-chip-pancakes/
799,https://cafedelites.com/strawberry-jam-donut-crepes/
800,https://cafedelites.com/two-serve-thai-sweet-chilli-garlic-prawns/
801,https://cafedelites.com/lamb-feta-salad/
802,https://cafedelites.com/banana-bread-french-toast-2/
803,https://cafedelites.com/chicken-satay-fried-rice/
804,https://cafedelites.com/chocolate-peanut-butter-banana-bread/
805,https://cafedelites.com/cheeseburger-scrambled-egg-wrap/
806,https://cafedelites.com/snickers-fudge-brownies/
807,https://cafedelites.com/chicken-sweet-soy-stir-fry/
808,https://cafedelites.com/strawberries-n-cream-french-toasts/
809,https://cafedelites.com/italian-vegetable-mozzarella-toasted-wrap/
810,https://cafedelites.com/easy-chocolate-swirl-cheesecake/
811,https://cafedelites.com/chocolate-peanut-butter-cup-crepes/
812,https://cafedelites.com/garlic-margarita-pizza-egg-wrap/
813,https://cafedelites.com/smoked-salmon-avocado-grilled-a-cheese-stack/
814,https://cafedelites.com/eggplant-margarita-pizzas/
815,https://cafedelites.com/margarita-pizza-stuffed-chicken-breasts/
816,https://cafedelites.com/fudgy-banana-bread-blondies/
817,https://cafedelites.com/garlic-and-paprika-oven-baked-chicken-nuggets/
818,https://cafedelites.com/smoked-salmon-poached-egg-english-muffin/
819,https://cafedelites.com/cheesy-turkey-eggplant-cannelloni/
820,https://cafedelites.com/french-toast-banana-fritters/
821,https://cafedelites.com/nandos-peri-peri-chicken-with-garlicky-potato-egg-salad/
822,https://cafedelites.com/oreo-peanut-butter-cup-cheesecake-bars/
823,https://cafedelites.com/peanut-butter-cup-banana-blondies/
824,https://cafedelites.com/an-excerpt-chapter/
825,https://cafedelites.com/an-excerpt-chapter-8/
826,https://cafedelites.com/an-excerpt-chapter-9/
827,https://cafedelites.com/baklava-cheesecake/
828,https://cafedelites.com/baklava-french-toast/
829,https://cafedelites.com/nutella-cheesecake-mousse/
830,https://cafedelites.com/low-fat-turkey-spinach-ricotta-cannelloni-with-a-creamy-tomato-sauce/
831,https://cafedelites.com/healthy-banana-honey-and-date-scone-muffins/
832,https://cafedelites.com/pan-fried-soy-sauce-and-lemon-salmon-with-stir-fried-greens/
833,https://cafedelites.com/nutella-strawberry-crepes/
834,https://cafedelites.com/peanut-butter-cup-pancakes/
835,https://cafedelites.com/coconut-nutella-pancakes/
836,https://cafedelites.com/reeses-banana-bread-blondies/
837,https://cafedelites.com/banana-bread-blondies/
838,https://cafedelites.com/cancer-zumba/
